Postcode,Title Number,Tenure,Property Address,District,County,Region,Multiple Address Indicator,Price Paid,Proprietor Name (1),Company Registration No. (1),Proprietorship Category (1),Proprietor (1) Address (1),Proprietor (1) Address (2),Proprietor (1) Address (3),Proprietor Name (2),Company Registration No. (2),Proprietorship Category (2),Proprietor (2) Address (1),Proprietor (2) Address (2),Proprietor (2) Address (3),Proprietor Name (3),Company Registration No. (3),Proprietorship Category (3),Proprietor (3) Address (1),Proprietor (3) Address (2),Proprietor (3) Address (3),Proprietor Name (4),Company Registration No. (4),Proprietorship Category (4),Proprietor (4) Address (1),Proprietor (4) Address (2),Proprietor (4) Address (3),Date Proprietor Added,Additional Proprietor Indicator,Matching Address,LMK_KEY,ADDRESS1,ADDRESS2,ADDRESS3,Postcode_y,BUILDING_REFERENCE_NUMBER,ASSET_RATING,ASSET_RATING_BAND,PROPERTY_TYPE,INSPECTION_DATE,LOCAL_AUTHORITY,CONSTITUENCY,COUNTY,LODGEMENT_DATE,TRANSACTION_TYPE,NEW_BUILD_BENCHMARK,EXISTING_STOCK_BENCHMARK,BUILDING_LEVEL,MAIN_HEATING_FUEL,OTHER_FUEL_DESC,SPECIAL_ENERGY_USES,RENEWABLE_SOURCES,FLOOR_AREA,STANDARD_EMISSIONS,TARGET_EMISSIONS,TYPICAL_EMISSIONS,BUILDING_EMISSIONS,AIRCON_PRESENT,AIRCON_KW_RATING,ESTIMATED_AIRCON_KW_RATING,AC_INSPECTION_COMMISSIONED,BUILDING_ENVIRONMENT,LOCAL_AUTHORITY_LABEL,CONSTITUENCY_LABEL,POSTTOWN,LODGEMENT_DATETIME,PRIMARY_ENERGY_VALUE,UPRN,UPRN_SOURCE
BR1 4PP,TGL133727,Freehold,"460 Bromley Road, (BR1 4PP)",LEWISHAM,GREATER LONDON,GREATER LONDON,N,,GREENTREE ESTATES LIMITED,,Limited Company or Public Limited Company,"Lawrence House, Goodwyn Avenue, Mill Hill, London NW7 3RH",,,,,,,,,,,,,,,,,,,,,05-03-2001,N,460 Bromley Road,3f42d4d20d48d2faf93a73388a3bd8c32d8634a61b54c82c528b40970ec9316c,460 Bromley Road,,,BR1 4PP,10002944447,43,B,A1/A2 Retail and Financial/Professional services,2022-03-31,E09000023,E14000787,,2022-05-19,Mandatory issue (Non-marketed sale),22,65,3,Grid Supplied Electricity,,,,76,66.63,29.57,86.66,57.69,No,,,4,Heating and Natural Ventilation,Lewisham,Lewisham East,LONDON,2022-05-25 09:12:25,341,100022889750,Energy Assessor
BR1 5HR,SGL488695,Freehold,"408 Downham Way, (BR1 5HR)",LEWISHAM,GREATER LONDON,GREATER LONDON,N,,SUFFOLK LIFE ANNUITIES LIMITED,1011674,Limited Company or Public Limited Company,"153 Princes Street, Ipswich, Suffolk IP1 1QJ",,,,,,,,,,,,,,,,,,,,,13-08-2002,N,408 Downham Way,faf174f8af305ecd39df21e9287d913ba2e52a980f9f88c5f325441929aac3d6,408 Downham Way,,,BR1 5HR,10003704264,41,B,Retail/Financial and Professional Services,2022-11-16,E09000023,E14000787,,2022-11-22,Mandatory issue (Marketed sale),14,57,3,Grid Supplied Electricity,,,,80,16.3,4.64,18.6,13.46,No,,,4,Air Conditioning,Lewisham,Lewisham East,BROMLEY,2022-11-22 22:20:25,148,100022890087,Energy Assessor
E1 0AD,EGL559872,Leasehold,"16 Tarling Street, London (E1 0AD)",TOWER HAMLETS,GREATER LONDON,GREATER LONDON,N,,ASSET DOMAIN LIMITED,6242482,Limited Company or Public Limited Company,"12 Upney Lane, Barking, Essex IG11 9LW",,,,,,,,,,,,,,,,,,,,,04-09-2009,N,16 Tarling Street,37429120032010062914384586000592,,16 Tarling Street,,E1 0AD,223655530000,24,A,Retail,2010-06-28,E09000030,E14000882,Greater London Authority,2010-06-29,Mandatory issue (Property to let).,37,46,3,Grid Supplied Electricity,,,,65,103.64,77.32,96.22,50.38,No,,,4,Heating and Natural Ventilation,Tower Hamlets,Poplar and Limehouse,LONDON,2010-06-29 14:38:45,,6363691,Address Matched
E1 0AY,EGL553416,Freehold,"60 Sutton Street, London (E1 0AY)",TOWER HAMLETS,GREATER LONDON,GREATER LONDON,N,,NABIGANJ INVESTMENT COMPANY LIMITED,2251033,Limited Company or Public Limited Company,"329-331 Alexandra Park Road, London N22 7BP",,,,,,,,,,,,,,,,,,,,,01-04-2009,N,60 Sutton Street,27402150102009120715392747409020,,60 Sutton Street,,E1 0AY,415405440000,62,C,Office,2009-12-03,E09000030,E14000882,Greater London Authority,2009-12-07,,36,74,3,Natural Gas,,,,232,,,,,No,,,4,Heating and Natural Ventilation,Tower Hamlets,Poplar and Limehouse,LONDON,2009-12-07 15:39:27,,,
E1 0HJ,EGL561485,Leasehold,"595-597 Commercial Road, London (E1 0HJ)",TOWER HAMLETS,GREATER LONDON,GREATER LONDON,N,600000.0,LIMEHOUSE PROPERTY LIMITED,10661790,Limited Company or Public Limited Company,"Quadrant House, Floor 6, 4 Thomas More Square, London E1W 1YW",,,,,,,,,,,,,,,,,,,,,19-02-2018,N,595-597 Commercial Road,04ed9f6b05c6182e014dd48bb4a3c37db564d4bcb7a572b23becf4a78187cd80,595-597 Commercial Road,,,E1 0HJ,10004519072,71,C,Offices and Workshop Businesses,2023-04-27,E09000030,E14000555,,2023-05-12,Mandatory issue (Property to let).,26,103,3,Natural Gas,,,,213,14.87,7.67,30.76,21.01,Yes,,1.0,4,Heating and Natural Ventilation,Tower Hamlets,Bethnal Green and Bow,LONDON,2023-05-12 12:25:00,175,6029922,Energy Assessor
E1 0HS,NGL37056,Freehold,"1-9 Ratcliffe Cross Street, London (E1 0HS)",TOWER HAMLETS,GREATER LONDON,GREATER LONDON,N,303511.0,NOTTING HILL HOME OWNERSHIP LIMITED,IP23066R,Housing Association Registered Society (Company),"Bruce Kenrick House, 2 Killick Street, London N1 9FL",,,,,,,,,,,,,,,,,,,,,19-04-2016,N,1-9 Ratcliffe Cross Street,76948455252013030408404706009415,,1-9 Ratcliffe Cross Street,,E1 0HS,456456210000,95,D,B2 to B7 General Industrial and Special Industrial Groups,2013-02-25,E09000030,E14000882,Greater London Authority,2013-03-04,Mandatory issue (Property to let).,27,73,3,Grid Supplied Electricity,,,,2226,28.15,15.39,41.03,53.39,No,,,4,Heating and Natural Ventilation,Tower Hamlets,Poplar and Limehouse,LONDON,2013-03-04 08:40:47,,,
E1 0HY,432861,Freehold,"536 Commercial Road, London (E1 0HY)",TOWER HAMLETS,GREATER LONDON,GREATER LONDON,N,250000.0,EMD HOLDING GROUP LIMITED,12604809,Limited Company or Public Limited Company,"536 Commercial Road, London E1 0HY",,,,,,,,,,,,,,,,,,,,,21-02-2022,N,536 Commercial Road,05333f1416a2fd80569a470912176b458eaea4d356c8829be64965ff57a1f5c3,536 Commercial Road,,,E1 0HY,10003551279,37,B,Restaurants and Cafes/Drinking Establishments/Takeaways,2022-10-12,E09000030,E14000882,,2022-10-17,Mandatory issue (Property to let).,14,57,3,Grid Supplied Electricity,,,,74,83.11,23.58,94.32,61.03,Yes,,2.0,5,Heating and Natural Ventilation,Tower Hamlets,Poplar and Limehouse,LONDON,2022-10-17 07:17:53,643,6652368,Energy Assessor
E1 0LB,49462,Freehold,"380 Commercial Road, London (E1 0LB)",TOWER HAMLETS,GREATER LONDON,GREATER LONDON,N,179000.0,IMPAKT PROPERTIES LTD,3227213,Limited Company or Public Limited Company,"40 Saxon Drive, London W3 0NH",,,,,,,,,,,,,,,,,,,,,06-07-2005,N,380 Commercial Road,74879010602013011012245528100090,380 Commercial Road,380 Commercial Road,,E1 0LB,561131120000,63,C,A1/A2 Retail and Financial/Professional services,2013-01-08,E09000030,E14000882,Greater London Authority,2013-01-10,Mandatory issue (Property to let).,25,67,3,Grid Supplied Electricity,,,,93,54.27,27.4,73.06,67.84,No,,1.0,4,Heating and Natural Ventilation,Tower Hamlets,Poplar and Limehouse,LONDON,2013-01-10 12:24:55,298,6029931,Energy Assessor
E1 0LS,EGL258341,Freehold,"368-374 Commercial Road, London (E1 0LS)",TOWER HAMLETS,GREATER LONDON,GREATER LONDON,N,,LARCHDALE INVESTMENTS LIMITED,7416388,Limited Company or Public Limited Company,"15 Sudbury Court Road, Harrow HA1 3SD","14 Purley Centre, Luton LU3 3SR",,,,,,,,,,,,,,,,,,,,08-03-2011,N,368-374 Commercial Road,38003070062010071512492856030510,,368-374 Commercial Road,,E1 0LS,159270650000,67,C,Office,2010-07-05,E09000030,E14000882,Greater London Authority,2010-07-15,Mandatory issue (Marketed sale).,41,87,3,Natural Gas,,,,1304,42.25,34.58,73.66,56.84,No,,,4,Heating and Natural Ventilation,Tower Hamlets,Poplar and Limehouse,LONDON,2010-07-15 12:49:28,,6027605,Address Matched
E1 0ND,AGL579511,Leasehold,"48 White Horse Road, London (E1 0ND)",TOWER HAMLETS,GREATER LONDON,GREATER LONDON,N,,IMPERIAL ACCOUNTING LIMITED,10798258,Limited Company or Public Limited Company,"24 Osborn Street, London E1 6TD",,,,,,,,,,,,,,,,,,,,,31-10-2022,N,48 White Horse Road,206f3fa39228bcc3f1c71bef31282665ccfbaaa46523dcdc24d371ff5365e7a0,48 White Horse Road,,,E1 0ND,10002945057,40,B,B1 Offices and Workshop businesses,2022-04-14,E09000030,E14000555,,2022-04-19,Mandatory issue (Non-marketed sale),20,59,3,Natural Gas,,,,80,34.91,14.01,41.05,28.06,No,,,4,Heating and Natural Ventilation,Tower Hamlets,Bethnal Green and Bow,LONDON,2022-04-21 17:11:05,163,6726274,Energy Assessor
E1 1AG,NGL483598,Freehold,"21 Plumbers Row, London (E1 1AG)",TOWER HAMLETS,GREATER LONDON,GREATER LONDON,N,,SPARTAFIELD LIMITED,2784265,Limited Company or Public Limited Company,"Summit House, 170 Finchley Road, London",,,,,,,,,,,,,,,,,,,,,06-11-2000,N,21 Plumbers Row,16567645252009050615550602900602,,21 Plumbers Row,,E1 1EQ,623252600000,62,C,Office,2008-11-24,E09000030,E14000555,Greater London Authority,2009-05-06,Mandatory issue (Marketed sale).,64,151,4,Grid Supplied Electricity,,,,1049,33.44,20.03,58.69,29.84,Yes,,2.0,1,Air Conditioning,Tower Hamlets,Bethnal Green and Bow,LONDON,2009-05-06 15:55:06,176,6706230,Address Matched
E1 1BJ,AGL479492,Leasehold,"210 Whitechapel Road, London (E1 1BJ)",TOWER HAMLETS,GREATER LONDON,GREATER LONDON,N,,AN TRAVEL LIMITED,5116120,Limited Company or Public Limited Company,"210 Whitechapel Road, London E1 1BJ",,,,,,,,,,,,,,,,,,,,,17-06-2019,N,210 Whitechapel Road,125012524212017082314000200009876,,210 Whitechapel Road,,E1 1BJ,864040170000,84,D,A1/A2 Retail and Financial/Professional services,2017-08-22,E09000030,E14000555,Greater London Authority,2017-08-23,Mandatory issue (Marketed sale).,26,77,3,Grid Supplied Electricity,,,,108,69.11,36.29,106.35,116.29,No,,,4,Air Conditioning,Tower Hamlets,Bethnal Green and Bow,LONDON,2017-08-23 14:00:02,688,6012744,Address Matched
E1 1BS,EGL505252,Leasehold,"238-240 Whitechapel Road, London (E1 1BS)",TOWER HAMLETS,GREATER LONDON,GREATER LONDON,N,,BARCLAYS BANK UK PLC,9740322,Limited Company or Public Limited Company,"1 Churchill Place, London E14 5HP","45 Church Street, Birmingham B3 2RT",,,,,,,,,,,,,,,,,,,,08-05-2018,N,238-240 Whitechapel Road,148284990062019090216465809280810,,238-240 Whitechapel Road,,E1 1BJ,100892920000,89,D,A1/A2 Retail and Financial/Professional services,2019-08-28,E09000030,E14000555,Greater London Authority,2019-09-02,Mandatory issue (Property to let).,29,85,3,Natural Gas,,,,1377,36.01,20.82,61.02,63.94,No,,,4,Air Conditioning,Tower Hamlets,Bethnal Green and Bow,LONDON,2019-09-02 16:46:58,376,,
E1 1BY,AGL512241,Leasehold,"285 Whitechapel Road, London (E1 1BY)",TOWER HAMLETS,GREATER LONDON,GREATER LONDON,N,488750.0,PLACES FOR LONDON LIMITED,8961151,Limited Company or Public Limited Company,"5 Endeavour Square, London E20 1JN","7th Floor, Green zone, 197 Blackfriars Road, London SE1 8NJ",,,,,,,,,,,,,,,,,,,,30-07-2020,N,285 Whitechapel Road,07f05604fc3aa886725fcbfd28e38cb4bbd20500d7a4cb25957e69b19f21d44c,285 Whitechapel Road,305 Whitechapel Road,,E1 1BY,10004379900,88,D,Retail/Financial and Professional Services,2022-11-12,E09000030,E14000555,Greater London Authority,2023-04-01,Mandatory issue (Property to let).,7,29,3,Grid Supplied Electricity,,,,308,7.98,1.16,4.66,14.02,No,,1.0,4,Air Conditioning,Tower Hamlets,Bethnal Green and Bow,London,2023-04-01 10:05:09,151,6011545,Address Matched
E1 1DB,AGL497543,Leasehold,"243 Whitechapel Road, London (E1 1DB)",TOWER HAMLETS,GREATER LONDON,GREATER LONDON,N,488750.0,PLACES FOR LONDON LIMITED,8961151,Limited Company or Public Limited Company,"5 Endeavour Square, London E20 1JN","7th Floor, Green zone, 197 Blackfriars Road, London SE1 8NJ",,,,,,,,,,,,,,,,,,,,02-01-2020,N,243 Whitechapel Road,111804290202016042511322622400240,,243 Whitechapel Road,,E1 1DB,921829420000,63,C,A1/A2 Retail and Financial/Professional services,2016-04-22,E09000030,E14000555,Greater London Authority,2016-04-25,Mandatory issue (Property to let).,24,71,3,Grid Supplied Electricity,,,,200,54.55,26.42,77.42,68.77,Yes,,1.0,4,Heating and Natural Ventilation,Tower Hamlets,Bethnal Green and Bow,LONDON,2016-04-25 11:32:26,689,6011552,Address Matched
E1 1DE,AGL512254,Leasehold,"209 Whitechapel Road, London (E1 1DE)",TOWER HAMLETS,GREATER LONDON,GREATER LONDON,N,488750.0,PLACES FOR LONDON LIMITED,8961151,Limited Company or Public Limited Company,"5 Endeavour Square, London E20 1JN","7th Floor, Green zone, 197 Blackfriars Road, London SE1 8NJ",,,,,,,,,,,,,,,,,,,,30-07-2020,N,209 Whitechapel Road,60962c8952c8f71ea94c02cfe3c0712fc2a49caa8116e01ef42bb966888afa83,209 Whitechapel Road,217 Whitechapel Road,,E1 1DE,10002501987,85,D,A1/A2 Retail and Financial/Professional services,2021-12-22,E09000030,E14000555,Greater London Authority,2021-12-24,Mandatory issue (Property to let).,29,84,3,Grid Supplied Electricity,,,,221,33.08,19.04,55.8,56.31,Yes,,1.0,5,Air Conditioning,Tower Hamlets,Bethnal Green and Bow,LONDON,2021-12-24 10:59:53,332,6011564,Energy Assessor
E1 1DN,AGL532313,Leasehold,"195-195a Whitechapel Road, London (E1 1DN)",TOWER HAMLETS,GREATER LONDON,GREATER LONDON,N,,PLACES FOR LONDON LIMITED,8961151,Limited Company or Public Limited Company,"5 Endeavour Square, London E20 1JN","7th Floor, Green zone, 197 Blackfriars Road, London SE1 8NJ",,,,,,,,,,,,,,,,,,,,30-04-2021,N,195-195a Whitechapel Road,adf36692a84cd656497182aa3fdb761e820288af257afd10f31f6374c1352c08,195-195a Whitechapel Road,,,E1 1DN,10002939572,35,B,Retail/Financial and Professional Services,2022-06-09,E09000030,E14000555,,2022-06-22,Mandatory issue (Property to let).,6,23,3,Grid Supplied Electricity,,,,154,30.69,3.6,14.39,21.5,No,,,4,Heating and Natural Ventilation,Tower Hamlets,Bethnal Green and Bow,LONDON,2022-06-22 14:51:09,228,,
E1 1DT,234969,Freehold,"105 Whitechapel Road, London (E1 1DT)",TOWER HAMLETS,GREATER LONDON,GREATER LONDON,N,1400000.0,ZECO PROPERTIES LIMITED,11125605,Limited Company or Public Limited Company,"Enterprise House, 34 Faringdon Avenue, Romford RM3 8SU",,,,,,,,,,,,,,,,,,,,,15-11-2023,N,105 Whitechapel Road,360c147de7f13a72089623ab0f8d3c0025b3dd922aa70aee4d44213e4e1a860f,105 Whitechapel Road,,,E1 1DT,10004517508,48,B,Retail/Financial and Professional Services,2023-05-22,E09000030,E14000555,,2023-05-22,Mandatory issue (Marketed sale),11,43,3,Grid Supplied Electricity,,,,199,20.26,4.35,17.45,19.57,Yes,,1.0,4,Air Conditioning,Tower Hamlets,Bethnal Green and Bow,LONDON,2023-05-22 18:36:30,212,6011574,Energy Assessor
E1 1DU,41516,Freehold,"29 Whitechapel Road, London (E1 1DU)",TOWER HAMLETS,GREATER LONDON,GREATER LONDON,N,980000.0,SARVOY LIMITED,7285940,Limited Company or Public Limited Company,"217 East India Dock Road, London E14 0ED",,,,,,,,,,,,,,,,,,,,,16-02-2011,N,29 Whitechapel Road,47950300902011030812395353400070,25 Whitechapel Road,29 Whitechapel Road,,E1 1DX,198660450000,111,E,Office,2011-03-07,E09000030,E14000555,Greater London Authority,2011-03-08,Mandatory issue (Property to let).,36,62,3,Grid Supplied Electricity,,,,408,57.79,41.05,71.97,128.51,No,,1.0,4,Heating and Natural Ventilation,Tower Hamlets,Bethnal Green and Bow,LONDON,2011-03-08 12:39:53,276,6011586,Energy Assessor
E1 1EE,EGL199783,Freehold,"Cityside House, 40 Adler Street, London (E1 1EE)",TOWER HAMLETS,GREATER LONDON,GREATER LONDON,N,,KNIGHTON ESTATES LIMITED,379493,Limited Company or Public Limited Company,"33 Cavendish Square, London W1G 0PW",,,,,,,,,,,,,,,,,,,,,26-06-2017,N,"Cityside House, 40 Adler Street",15371040062009050815232692040720,Challenger House,Cityside House,40 Adler Street,E1 1EE,293941230000,76,D,Office,2009-04-03,E09000030,E14000555,Greater London Authority,2009-05-08,Voluntary (No legal requirement for an EPC).,46,104,4,Natural Gas,,,,6901,99.8,70.23,187.27,44.45,Yes,,2.0,3,Air Conditioning,Tower Hamlets,Bethnal Green and Bow,LONDON,2009-05-08 15:23:26,437,6011107,Address Matched
E1 1EG,AGL407234,Leasehold,"Unit 26, 1-13 Adler Street, London (E1 1EG)",TOWER HAMLETS,GREATER LONDON,GREATER LONDON,N,,INKORPORATE LIMITED,5986290,Limited Company or Public Limited Company,"30 City Road, London EC1Y 2AB",,,,,,,,,,,,,,,,,,,,,15-03-2017,N,"Unit 26, 1-13 Adler Street",8aecbb3d62aca98eb1640c2624a507e86aacb31d2bf8616e976b87132a3bb7d7,Unit 26,1-13 Adler Street,,E1 1EG,10002537651,73,C,B1 Offices and Workshop businesses,2021-10-21,E09000030,E14000555,,2021-10-24,Mandatory issue (Property to let).,22,64,3,Grid Supplied Electricity,,,,204,32.06,14.08,41.25,46.85,No,,,4,Heating and Natural Ventilation,Tower Hamlets,Bethnal Green and Bow,LONDON,2021-10-24 22:13:30,277,6012367,Energy Assessor
E1 1EJ,EGL556970,Leasehold,"75 Greenfield Road, London (E1 1EJ)",TOWER HAMLETS,GREATER LONDON,GREATER LONDON,N,,JENICE LEATHER INTERNATIONAL LIMITED,4548936,Limited Company or Public Limited Company,"75 Greenfield Road, London E1 1EJ","2nd and 3rd Floors, 75 Greenfield Road, London E1 1EJ",,,,,,,,,,,,,,,,,,,,02-07-2009,N,75 Greenfield Road,6063020302008120514401484809290,,75 Greenfield Road,,E1 1EJ,733472880000,100,D,Office,2008-11-24,E09000030,E14000555,Greater London Authority,2008-12-05,Mandatory issue (Property to let).,57,132,4,Natural Gas,,,,2101,39.17,22.69,66.49,63.67,No,,,4,Air Conditioning,Tower Hamlets,Bethnal Green and Bow,LONDON,2008-12-05 14:40:14,377,6710665,Address Matched
E1 1EZ,AGL593154,Leasehold,"22 Plumbers Row, London (E1 1EZ)",TOWER HAMLETS,GREATER LONDON,GREATER LONDON,N,,HADIYAH LIMITED,12281388,Limited Company or Public Limited Company,"54 Greenfield Road, London E1 1EJ","22 Plumbers Row, London E1 1EZ",,,,,,,,,,,,,,,,,,,,30-09-2022,N,22 Plumbers Row,27b6f4da28d2b6cba1a76c05f5fea05639d13274891c3dbec1e568acd03341a0,22 Plumbers Row,,,E1 1EZ,10004671400,46,B,Retail/Financial and Professional Services,2023-06-06,E09000030,E14000555,,2023-06-14,Mandatory issue (Property to let).,12,49,4,Grid Supplied Electricity,,,,302,15.55,3.83,15.36,14.32,Yes,,2.0,5,Air Conditioning,Tower Hamlets,Bethnal Green and Bow,LONDON,2023-06-20 03:59:25,158,6138552,Energy Assessor
E1 1HH,AGL405041,Leasehold,"49-53 New Road, London (E1 1HH)",TOWER HAMLETS,GREATER LONDON,GREATER LONDON,N,,SAHARA GRILL WHITECHAPEL LIMITED,8064476,Limited Company or Public Limited Company,"49-53 New Road, London E1 1HH",,,,,,,,,,,,,,,,,,,,,22-02-2017,N,49-53 New Road,64617009952012051809145702009642,81 New Road,49-53 New Road,,E1 1HH,624292440000,72,C,C1 Hotels,2012-05-10,E09000030,E14000555,Greater London Authority,2012-05-18,Mandatory issue (Marketed sale).,34,90,3,Natural Gas,,,,1086,99.34,67.4,179.74,143.33,Yes,,1.0,5,Air Conditioning,Tower Hamlets,Bethnal Green and Bow,LONDON,2012-05-18 09:14:57,588,6012958,Address Matched
E1 1HJ,LN82456,Freehold,"115 New Road, London (E1 1HJ)",TOWER HAMLETS,GREATER LONDON,GREATER LONDON,N,300000.0,GRATEFAME LIMITED,1432182,Limited Company or Public Limited Company,"2 Beal Road, Ilford, Essex IG1 4QF",,,,,,,,,,,,,,,,,,,,,11-09-1991,N,115 New Road,97195335912014120418272006909177,119 New Road,115 New Road,,E1 1HJ,179056470000,86,D,A1/A2 Retail and Financial/Professional services,2014-11-17,E09000030,E14000555,Greater London Authority,2014-12-04,Mandatory issue (Property to let).,27,80,4,Natural Gas,,,,403,38.92,21.23,62.2,67.17,Yes,,1.0,4,Heating and Natural Ventilation,Tower Hamlets,Bethnal Green and Bow,LONDON,2014-12-04 18:27:20,254,6210000,Address Matched
E1 1HL,AGL233035,Leasehold,"The Whitechapel Centre, Myrdle Street, London (E1 1HL)",TOWER HAMLETS,GREATER LONDON,GREATER LONDON,N,,WHITECHAPEL COMMUNITY TRUST CIC,6226590,Housing Association/Society (Corporate Body),"Unit 3, The Whitechapel Centre, Myrdle Street, London E1 1HL",,,,,,,,,,,,,,,,,,,,,23-05-2011,N,"The Whitechapel Centre, Myrdle Street",44024330962010111713325312990630,,The Whitechapel Centre,Myrdle Street,E1 1HL,313631250000,63,C,Office,2010-11-16,E09000030,E14000555,Greater London Authority,2010-11-17,Mandatory issue (Non-marketed sale).,33,65,4,Natural Gas,,,,2554,32.82,21.85,42.53,41.37,No,,,4,Heating and Natural Ventilation,Tower Hamlets,Bethnal Green and Bow,LONDON,2010-11-17 13:32:53,,,
E1 1JE,AGL259611,Leasehold,"100 Whitechapel Road, London (E1 1JE)",TOWER HAMLETS,GREATER LONDON,GREATER LONDON,N,,ACCOR UK BUSINESS & LEISURE HOTELS LIMITED,1016187,Limited Company or Public Limited Company,"1 Shortlands, Hammersmith W6 8DR","7th Floor, Yellow Zone, 197 Blackfriars Road, London SE1 8NJ",,,,,,,,,,,,,,,,,,,,29-06-2012,N,100 Whitechapel Road,64573050062012051516500541950590,,100 Whitechapel Road,,E1 1JG,949055130000,38,B,C1 Hotels,2012-05-15,E09000030,E14000555,Greater London Authority,2012-05-15,Mandatory issue (Property on construction).,34,92,4,Natural Gas,,,,3627,99.35,68.39,182.38,74.9,No,,,4,Air Conditioning,Tower Hamlets,Bethnal Green and Bow,LONDON,2012-05-15 16:50:05,,6011531,Address Matched
E1 1JG,AGL423805,Leasehold,"100 Whitechapel Road, London (E1 1JG)",TOWER HAMLETS,GREATER LONDON,GREATER LONDON,N,,ACCOR UK BUSINESS & LEISURE HOTELS LIMITED,1016187,Limited Company or Public Limited Company,"10 Hammersmith Grove, London W6 7AP",,,,,,,,,,,,,,,,,,,,,25-09-2017,N,100 Whitechapel Road,64573050062012051516500541950590,,100 Whitechapel Road,,E1 1JG,949055130000,38,B,C1 Hotels,2012-05-15,E09000030,E14000555,Greater London Authority,2012-05-15,Mandatory issue (Property on construction).,34,92,4,Natural Gas,,,,3627,99.35,68.39,182.38,74.9,No,,,4,Air Conditioning,Tower Hamlets,Bethnal Green and Bow,LONDON,2012-05-15 16:50:05,,6011531,Address Matched
E1 1JU,AGL236253,Freehold,"103 Fieldgate Street, London (E1 1JU)",TOWER HAMLETS,GREATER LONDON,GREATER LONDON,N,,M3 VENTURE LTD,7056172,Limited Company or Public Limited Company,"299a Bethnal Green Road, London E2 6AH","28b Lampard Grove, London N16 6XB",,,,,,,,,,,,,,,,,,,,14-07-2011,N,103 Fieldgate Street,97ea387409d09431e2e2e9e87754bfed5a396c74b00fd8eceeb2f6509e653db1,103 Fieldgate Street,,,E1 1JU,10004937848,71,C,Retail/Financial and Professional Services,2023-08-08,E09000030,E14000555,,2023-08-15,Mandatory issue (Property to let).,7,29,3,Grid Supplied Electricity,,,,64,16.7,2.39,9.57,23.57,No,,,4,Heating and Natural Ventilation,Tower Hamlets,Bethnal Green and Bow,LONDON,2023-08-16 13:22:22,247,6011756,Energy Assessor
E1 1JW,AGL440439,Freehold,"Jobcentre Plus, Settles Street, London (E1 1JW)",TOWER HAMLETS,GREATER LONDON,GREATER LONDON,N,8650000.0,HIGHROSE ESTATES LIMITED,11087406,Limited Company or Public Limited Company,"New Burlington House, 1075 Finchley Road, London NW11 0PU",,,,,,,,,,,,,,,,,,,,,03-04-2018,N,"Jobcentre Plus, Settles Street",848872952017111710305809909316,,Jobcentre Plus,Settles Street,E1 1JW,362429110000,109,E,B1 Offices and Workshop businesses,2017-10-13,E09000030,E14000555,Greater London Authority,2017-11-17,Mandatory issue (Marketed sale).,30,89,4,Natural Gas,,,,2245,29.88,18.22,53.39,65.03,No,,,4,Air Conditioning,Tower Hamlets,Bethnal Green and Bow,LONDON,2017-11-17 10:30:58,380,,
E1 1LD,29491,Freehold,"27a Commercial Road, London (E1 1LD)",TOWER HAMLETS,GREATER LONDON,GREATER LONDON,N,97042331.0,LIME PROPERTY FUND (GENERAL PARTNER) LIMITED,5118252,Limited Company or Public Limited Company,"St. Helens, 1 Undershaft, London EC3P 3DQ",,,LIME PROPERTY FUND (NOMINEE) LIMITED,5117939,Limited Company or Public Limited Company,"St. Helens, 1 Undershaft, London EC3P 3DQ",,,,,,,,,,,,,,,11-09-2019,N,27a Commercial Road,41036862952011010513311607909534,,27a Commercial Road,,E1 1LD,548227630000,60,C,Retail,2010-12-16,E09000030,E14000555,Greater London Authority,2011-01-05,Mandatory issue (Property to let).,54,71,3,Other,,,,282,14.9,16.05,21.18,17.9,No,,,4,Unconditioned,Tower Hamlets,Bethnal Green and Bow,LONDON,2011-01-05 13:31:16,,,
E1 1LJ,LN45860,Freehold,"60 Commercial Road, London (E1 1LJ)",TOWER HAMLETS,GREATER LONDON,GREATER LONDON,N,171030000.0,IQSA UK CITY ALDGATE LIMITED,12647388,Limited Company or Public Limited Company,"General Counsel, 7th Floor, Cottons Centre, Cottons Lane, London SE1 2QG","General Counsel, 2-4, rue Eugene Ruppert, L-2453, Luxembourg",,,,,,,,,,,,,,,,,,,,10-07-2020,N,60 Commercial Road,34321980022015082813530353980290,,60 Commercial Road,,E1 1LP,956289380000,23,A,C2 Residential Institutions - Universities and colleges,2015-08-12,E09000030,E14000555,Greater London Authority,2015-08-28,Mandatory issue (Property on construction).,37,98,5,Natural Gas,,,,10957,59.27,43.41,115.76,27.33,Yes,,2.0,2,Heating and Mechanical Ventilation,Tower Hamlets,Bethnal Green and Bow,LONDON,2015-08-28 13:53:03,,,
E1 1LN,234058,Freehold,"38-40 Commercial Road, London (E1 1LN)",TOWER HAMLETS,GREATER LONDON,GREATER LONDON,N,,MISTER DEE INTERNATIONAL LIMITED,1246734,Limited Company or Public Limited Company,"38-40 Commercial Road, London E1 1LN","38-40 Commercial Road, London E1 1LN",,,,,,,,,,,,,,,,,,,,03-06-1992,N,38-40 Commercial Road,8333bdd33157c378eb09a2d23050132c8fde3742ddd6fd2dc27e06aa2780eb94,38-40 Commercial Road,38-40 Commercial Road,,E1 1LN,10004940618,41,B,Retail/Financial and Professional Services,2023-03-14,E09000030,E14000555,,2023-08-21,Mandatory issue (Property to let).,10,42,3,Grid Supplied Electricity,,,,614,10.46,2.18,8.75,8.56,Yes,,2.0,5,Air Conditioning,Tower Hamlets,Bethnal Green and Bow,LONDON,2023-08-21 13:44:03,92,6012738,Energy Assessor
E1 1LP,342810,Freehold,"46 Commercial Road, London (E1 1LP)",TOWER HAMLETS,GREATER LONDON,GREATER LONDON,N,,GUNMAKERS HALL LIMITED,6168174,Limited Company or Public Limited Company,"48-50 Commercial Road, London E1 1LP",,,,,,,,,,,,,,,,,,,,,06-06-2007,N,46 Commercial Road,6f48f04d5df912b5c62aa9bb04894a22f3c8e6ba8392d8ea7d5b7a9cd4d876d7,46 Commercial Road,,,E1 1LP,10004519551,104,E,Offices and Workshop Businesses,2023-04-28,E09000030,E14000555,,2023-05-29,Mandatory issue (Property to let).,13,50,4,Grid Supplied Electricity,,,,477,13.88,3.48,13.95,28.75,No,,,4,Heating and Mechanical Ventilation,Tower Hamlets,Bethnal Green and Bow,LONDON,2023-05-29 14:13:12,245,6011344,Energy Assessor
E1 1NL,120195,Freehold,"134-136 Commercial Road, London (E1 1NL)",TOWER HAMLETS,GREATER LONDON,GREATER LONDON,N,40000.0,AGARWAL PROPERTIES INVESTMENTS LIMITED,11325260,Limited Company or Public Limited Company,"5th Floor, 89 New Bond Street, London W1S 1DA","352 Jersey Road, Isleworth TW7 5PL",,,,,,,,,,,,,,,,,,,,02-09-2019,N,134-136 Commercial Road,121043118252017040412371306009422,128 Commercial Road,134-136 Commercial Road,,E1 1NL,425786920000,70,C,A1/A2 Retail and Financial/Professional services,2017-03-29,E09000030,E14000555,Greater London Authority,2017-04-04,Mandatory issue (Marketed sale).,45,133,3,Grid Supplied Electricity,,,,474,119.29,108.12,316.84,167.49,Yes,,1.0,4,Air Conditioning,Tower Hamlets,Bethnal Green and Bow,LONDON,2017-04-04 12:37:13,991,6194762,Energy Assessor
E1 1NU,LN209486,Freehold,"108 Commercial Road, London (E1 1NU)",TOWER HAMLETS,GREATER LONDON,GREATER LONDON,N,450000.0,KUSCH LIMITED,8261667,Limited Company or Public Limited Company,"7-15 Greatorex Street, London E1 5NF","8 Tomswood Road, Chigwell IG7 5QW",,,,,,,,,,,,,,,,,,,,15-02-2019,N,108 Commercial Road,85111760602013102112293470109200,114 Commercial Road,108 Commercial Road,,E1 1NU,468266170000,112,E,A1/A2 Retail and Financial/Professional services,2013-10-20,E09000030,E14000555,Greater London Authority,2013-10-21,Mandatory issue (Property to let).,28,74,3,Grid Supplied Electricity,,,,181,28.61,15.95,42.54,64.03,No,,2.0,4,Heating and Natural Ventilation,Tower Hamlets,Bethnal Green and Bow,LONDON,2013-10-21 12:29:34,144,6012743,Address Matched
E1 1PX,AGL402308,Leasehold,"133 Commercial Road, London (E1 1PX)",TOWER HAMLETS,GREATER LONDON,GREATER LONDON,N,,UNIT 7 CLOTHING LIMITED,7669223,Limited Company or Public Limited Company,"Ground And Basement, 133 Commercial Road, London E1 1PX",,,,,,,,,,,,,,,,,,,,,17-08-2018,N,133 Commercial Road,81521825012013070218080007009305,133 Commercial Road,133 Commercial Road,,E1 1PX,356657800000,84,D,A1/A2 Retail and Financial/Professional services,2013-07-02,E09000030,E14000555,Greater London Authority,2013-07-02,Mandatory issue (Property to let).,29,76,3,Natural Gas,,,,745,28.78,16.46,43.9,48.58,No,,,4,Heating and Natural Ventilation,Tower Hamlets,Bethnal Green and Bow,LONDON,2013-07-02 18:08:00,69,6011835,Address Matched
E1 1PY,148909,Freehold,"2-4 Umberston Street, London (E1 1PY)",TOWER HAMLETS,GREATER LONDON,GREATER LONDON,N,,P ROY LIMITED,2124417,Limited Company or Public Limited Company,"2 Brick Lane, London E1 6RF",,,,,,,,,,,,,,,,,,,,,14-02-2008,N,2-4 Umberston Street,2519ea2abea1bef981ffebb24f739dabf21248b74006a6f415f7d0d6c34a0a86,2-4 Umberston Street,,,E1 1PY,10002496415,56,C,A3/A4/A5 Restaurant and Cafes/Drinking Establishments and Hot Food takeaways,2021-11-17,E09000030,E14000555,,2021-11-19,Mandatory issue (Property to let).,32,93,3,Natural Gas,,,,120,123.53,78.07,228.77,138.57,Yes,,1.0,4,Air Conditioning,Tower Hamlets,Bethnal Green and Bow,LONDON,2021-11-25 13:58:53,809,6012688,Address Matched
E1 1RD,EGL534631,Freehold,"93-95 Commercial Road, London (E1 1RD)",TOWER HAMLETS,GREATER LONDON,GREATER LONDON,N,,MOHMED PARTNERSHIP LIMITED,4992487,Limited Company or Public Limited Company,"75 New Road, London E1 1HH",,,,,,,,,,,,,,,,,,,,,17-03-2008,N,93-95 Commercial Road,f31eeeaddff1618b40229e7d5573678495995f43eafadda489f9cc098e9cf755,93-95 Commercial Road,,,E1 1RD,10002943325,66,C,Retail/Financial and Professional Services,2022-06-16,E09000030,E14000555,,2022-06-21,Mandatory issue (Property to let).,8,34,3,Natural Gas,,,,206,14.69,2.49,9.94,19.5,No,,,4,Heating and Natural Ventilation,Tower Hamlets,Bethnal Green and Bow,LONDON,2022-06-21 09:43:24,145,6143141,Energy Assessor
E1 2AS,AGL219464,Freehold,"30-36 Turner Street, London (E1 2AS)",TOWER HAMLETS,GREATER LONDON,GREATER LONDON,N,,BASSI CORPORATION LIMITED,8417821,Limited Company or Public Limited Company,"32/34, Turner Street, London E1 2AS",,,,,,,,,,,,,,,,,,,,,19-06-2013,N,30-36 Turner Street,35269280442010051713074683700050,,30-36 Turner Street,,E1 2AS,743918780000,242,G,Retail,2010-05-07,E09000030,E14000555,Greater London Authority,2010-05-17,Mandatory issue (Marketed sale).,40,55,3,Grid Supplied Electricity,,,,461,29.79,24.12,32.47,144.05,No,,,4,Heating and Natural Ventilation,Tower Hamlets,Bethnal Green and Bow,LONDON,2010-05-17 13:07:46,,,
E1 2AX,AGL513470,Leasehold,"24 New Road, London (E1 2AX)",TOWER HAMLETS,GREATER LONDON,GREATER LONDON,N,,REGEN CENTRAL LTD,7069838,Limited Company or Public Limited Company,"126 Oban Street, London E14 0GR",,,,,,,,,,,,,,,,,,,,,20-08-2020,N,24 New Road,154279990602020031912292307300970,,24 New Road,,E1 2AX,267969300000,99,D,A1/A2 Retail and Financial/Professional services,2020-03-13,E09000030,E14000555,Greater London Authority,2020-03-19,Mandatory issue (Property to let).,30,89,3,Natural Gas,,,,237,25.86,15.67,45.92,51.35,No,,,4,Heating and Natural Ventilation,Tower Hamlets,Bethnal Green and Bow,LONDON,2020-03-19 12:29:23,295,6013053,Address Matched
E1 2BT,AGL442298,Leasehold,"219-221 Commercial Road, London (E1 2BT)",TOWER HAMLETS,GREATER LONDON,GREATER LONDON,N,,INSPIRE WHOLESALE LIMITED,7457488,Limited Company or Public Limited Company,"198 Balfour Road, Ilford IG1 4JA",,,,,,,,,,,,,,,,,,,,,24-04-2018,N,219-221 Commercial Road,128546570962017121902252106920930,,219-221 Commercial Road,,E1 2BT,307874640000,127,F,A1/A2 Retail and Financial/Professional services,2017-12-11,E09000030,E14000555,Greater London Authority,2017-12-19,Mandatory issue (Property to let).,30,89,3,Grid Supplied Electricity,,,,246,27.13,16.52,48.41,68.72,No,,,4,Heating and Natural Ventilation,Tower Hamlets,Bethnal Green and Bow,LONDON,2017-12-19 02:25:21,407,,
E1 2DA,AGL300458,Leasehold,"153-157 Commercial Road, London (E1 2DA)",TOWER HAMLETS,GREATER LONDON,GREATER LONDON,N,,THE WAPPING AND SHADWELL SECONDARY EDUCATION TRUST,7412515,Corporate Body,"St George In The East, East Crypt, 14 Canon Street, London E1 0BH",,,DENTON & CO TRUSTEES LIMITED,1939029,Limited Company or Public Limited Company,"Sutton House, Weyside Park, Catteshall Lane, Godalming, Surrey GU7 1XE",,,,,,,,,,,,,,,24-12-2013,N,153-157 Commercial Road,44376331952010111821181902909658,187-189 Commercial Road,153-157 Commercial Road,,E1 2DA,688512550000,97,D,Office,2010-11-17,E09000030,E14000555,Greater London Authority,2010-11-18,Mandatory issue (Marketed sale).,58,131,4,Natural Gas,,,,3806,36.42,42.12,95.2,70.62,Yes,12.0,3.0,5,Air Conditioning,Tower Hamlets,Bethnal Green and Bow,LONDON,2010-11-18 21:18:19,108,6012978,Address Matched
E1 2EN,AGL442199,Freehold,"85 Stepney Way, London (E1 2EN)",TOWER HAMLETS,GREATER LONDON,GREATER LONDON,N,28867732.0,STEPNEY WAY 1 LLP,OC419428,Limited Liability Partnership,"140 Aldersgate Street, London EC1A 4HY",,,,,,,,,,,,,,,,,,,,,24-04-2018,N,85 Stepney Way,77749960022013032610370654970810,85 Stepney Way,85 Stepney Way,,E1 2EN,151863480000,78,D,B8 Storage or Distribution,2013-03-18,E09000030,E14000555,Greater London Authority,2013-03-26,Mandatory issue (Non-marketed sale).,29,78,3,Natural Gas,,,,25028,29.73,17.39,46.37,46.58,No,,,4,Heating and Natural Ventilation,Tower Hamlets,Bethnal Green and Bow,LONDON,2013-03-26 10:37:06,132,6737201,Energy Assessor
E1 2HP,360374,Freehold,"22 Cavell Street, London (E1 2HP)",TOWER HAMLETS,GREATER LONDON,GREATER LONDON,N,575000.0,HELPFAVOUR LIMITED,2691279,Limited Company or Public Limited Company,"Compton Group, 45-51 Wychtree Street, Morriston, Swansea SA6 8EX","PO Box, 425, Swansea SA6 8YH","DX82809, Swansea 2",,,,,,,,,,,,,,,,,,,24-05-2022,N,22 Cavell Street,124721909952017081323030107009278,6 Cavell Street,22 Cavell Street,,E1 2HP,286997270000,67,C,A1/A2 Retail and Financial/Professional services,2017-08-10,E09000030,E14000555,Greater London Authority,2017-08-13,Mandatory issue (Property to let).,24,71,3,Natural Gas,,,,93,61.27,29.79,87.28,82.49,Yes,,1.0,4,Heating and Natural Ventilation,Tower Hamlets,Bethnal Green and Bow,LONDON,2017-08-13 23:03:01,485,6709500,Address Matched
E1 2JY,NGL439322,Freehold,"166 Commercial Road, London (E1 2JY)",TOWER HAMLETS,GREATER LONDON,GREATER LONDON,N,1175000.0,DALCO INTERNATIONAL LIMITED,1663664,Limited Company or Public Limited Company,"166 Commercial Road, London E1 2JY","176 Commercial Road, London E1 2JY",,,,,,,,,,,,,,,,,,,,05-11-2020,N,166 Commercial Road,152280740032020012001194562000428,,166 Commercial Road,,E1 2JY,480243450000,92,D,A1/A2 Retail and Financial/Professional services,2020-01-16,E09000030,E14000882,Greater London Authority,2020-01-20,Mandatory issue (Property to let).,24,69,3,Grid Supplied Electricity,,,,448,38.23,18.03,52.84,70.19,Yes,,1.0,4,Heating and Natural Ventilation,Tower Hamlets,Poplar and Limehouse,LONDON,2020-01-20 01:19:45,415,6013232,Address Matched
E1 2LH,EGL321775,Freehold,"176 Cannon Street Road, London (E1 2LH)",TOWER HAMLETS,GREATER LONDON,GREATER LONDON,N,,ALL SEASONS INVESTMENTS LIMITED,6076223,Limited Company or Public Limited Company,"114 Cavell Street, London E1 2JA",,,,,,,,,,,,,,,,,,,,,04-04-2007,N,176 Cannon Street Road,b8f3e366cc1e23d08957c0085cab7cbd33f8dcbeabe631ba5fe9b6e24e017887,176 Cannon Street Road,,,E1 2LH,10000829693,83,D,A3/A4/A5 Restaurant and Cafes/Drinking Establishments and Hot Food takeaways,2020-09-23,E09000030,E14000882,,2020-10-06,Mandatory issue (Property to let).,31,92,3,Grid Supplied Electricity,,,,54,64.94,40.89,119.81,107.78,No,,,4,Heating and Natural Ventilation,Tower Hamlets,Poplar and Limehouse,LONDON,2020-10-06 00:00:00,638,6167854,Address Matched
E1 2LP,EGL299311,Leasehold,"44-56 Hessel Street, London (E1 2LP)",TOWER HAMLETS,GREATER LONDON,GREATER LONDON,N,,NHS PROPERTY SERVICES LIMITED,7888110,Limited Company or Public Limited Company,"99 Gresham Street, London EC2V 7NG",,,,,,,,,,,,,,,,,,,,,22-05-2013,N,44-56 Hessel Street,56119340042011110316551058609200,,44-56 Hessel Street,,E1 2LP,409064650000,94,D,D1 Non-residential Institutions - Primary Health Care Building,2011-10-28,E09000030,E14000555,Greater London Authority,2011-11-03,Mandatory issue (Marketed sale).,31,84,3,Grid Supplied Electricity,,,,408,29.41,18.44,49.18,55.37,No,,,4,Heating and Natural Ventilation,Tower Hamlets,Bethnal Green and Bow,LONDON,2011-11-03 16:55:10,,6011151,Address Matched
E1 2LS,EGL563327,Leasehold,"20 Rampart Street, London (E1 2LS)",TOWER HAMLETS,GREATER LONDON,GREATER LONDON,N,,INDIA NOW (MEDIA) LIMITED,6327018,Limited Company or Public Limited Company,"3 Gunthorpe Street, London E1 7RQ",,,,,,,,,,,,,,,,,,,,,06-02-2013,N,20 Rampart Street,c697a31244bdb908138e316b140f95f92d086e82a7a2f94cbbc386eafde975df,20 Rampart Street,,,E1 2LS,10006105229,70,C,Offices and Workshop Businesses,2024-05-24,E09000030,E14000882,,2024-05-28,Mandatory issue (Marketed sale),25,102,3,Natural Gas,,,,232,8.99,4.58,18.35,12.57,No,,,4,Heating and Natural Ventilation,Tower Hamlets,Poplar and Limehouse,LONDON,2024-05-28 19:38:34,88,6169653,Energy Assessor
